prompt,response
I earn 3000 a month and have no idea how to budget. Help me start.,"The 50/30/20 rule is an excellent framework for beginners. Allocate 50% (1500) to essential needs like housing and groceries, 30% (900) to wants, and 20% (600) to savings. Start by tracking your spending for one full month to see your actual habits. Use a spreadsheet or a free budgeting app to automate this tracking. Adjust the percentages as needed, but prioritize keeping your needs below half your income."
"My family brings in 40000 a year, but we always feel broke. How do we fix this?","You likely have lifestyle creep, where your expenses have grown to match your income. Begin by doing a complete audit of your past three months of transactions to find hidden leaks. Implement zero-based budgeting, giving every single dollar a specific job before the month starts. Cut ruthlessly on non-essentials temporarily until you build a cash buffer. Redirect the freed-up cash automatically into a separate savings account."
I am a student working part-time making 800 a month. How should I budget?,"As a student, your primary financial goal should be avoiding high-interest debt while covering essentials. Focus on keeping your fixed costs like rent and transportation as low as possible. Save at least 10% of your income to build a small buffer for unexpected expenses like textbooks or car repairs. Take advantage of student discounts and free campus resources to stretch your wants budget. Establishing good tracking habits now will pay off immensely when your income grows."
I want to try the envelope system. I have 3000 to manage monthly. How do I do it?,"The cash envelope system is a highly effective way to control variable spending. Withdraw your designated monthly amounts for groceries, dining out, and entertainment in cash. Divide the cash into physical envelopes for each category at the start of the month. Once an envelope is empty, you cannot spend any more money in that category until next month. This creates immediate friction and awareness, stopping impulse purchases dead in their tracks."
What is zero-based budgeting? I make 3000 monthly.,"Zero-based budgeting requires you to allocate every single dollar of your income to a specific category, leaving exactly zero at the end. If you earn 3000, your expenses, savings, and investments must equal exactly 3000. This method ensures active decision-making rather than passively seeing what is left over. Start by listing your fixed expenses, then savings goals, and finally variable spending. It requires strict tracking but offers the highest level of financial control."
I want to save for a house down payment of 20000 in 3 years. How?,"Divide your 20000 target by the number of months in 3 years to find your monthly savings requirement. Set up an automatic transfer for this exact amount to a High-Yield Savings Account the day after your paycheck arrives. If the monthly amount is too high, you must either extend your timeline, increase your income, or aggressively cut expenses. Keep these funds out of the stock market since your timeframe is relatively short. Consistency and high interest rates are your best tools here."
How can I automate my savings? I earn 3000 biweekly.,The most effective way to automate savings is to split your direct deposit at the source. Have your employer send a specific percentage directly to a separate savings or investment account. Have the remainder deposited into your primary checking account for regular bills and expenses. This pay-yourself-first method removes the temptation to spend the money. You will quickly adapt to living on the slightly smaller checking account balance.
I have trouble saving money because of impulse buys. What should I do?,"Implement a mandatory 48-hour cooling-off period for any non-essential purchase over $50. Unlink your credit cards from online shopping accounts to add friction to the checkout process. When you feel the urge to buy something, transfer that exact amount of money into your savings account instead. Create a visual reminder of your long-term financial goals and place it on your phone lock screen or wallet. Changing your environment is more effective than relying on willpower alone."
What is a High-Yield Savings Account and should I put my 5000 there?,"A High-Yield Savings Account pays significantly more interest than a traditional bank account. You should absolutely move your 5000 into one to protect it from inflation while maintaining access to the funds. Look for accounts with no monthly fees and competitive rates from reputable online banks. These accounts remain highly liquid, meaning you can transfer your money quickly when needed. It is the perfect vehicle for short-term savings and emergency funds."
I want to buy a car for 5000 in a year. Should I save or invest the money?,"Because your timeline is only one year, you must prioritize capital preservation over growth. Keep the money in a High-Yield Savings Account or a short-term Certificate of Deposit. The stock market is too volatile for a one-year timeframe, and a sudden downturn could ruin your purchase plans. A savings account will provide a small guaranteed return with zero risk of losing your principal. Set a strict monthly savings goal to reach the 5000 target on time."
I am 22 years old and want to start investing. Where do I begin?,"Start by opening a broad-market index fund or an Exchange-Traded Fund to instantly diversify your portfolio. These funds track the overall market, spreading your risk across hundreds of companies. Set up recurring monthly contributions to take advantage of dollar-cost averaging, which smooths out market volatility. Avoid trying to pick individual winning stocks when you are just starting out. Time in the market is your greatest asset at age 22."
What is the difference between an ETF and a mutual fund?,"An ETF trades on an exchange like a regular stock, meaning its price fluctuates throughout the trading day. A mutual fund is priced only once at the end of the trading day. ETFs generally have lower expense ratios and are more tax-efficient than mutual funds. Both are excellent tools for diversifying your portfolio without buying individual stocks. For most beginner investors, a low-cost S&P 500 ETF is the best starting point."
How much of my 3000 income should I be investing?,"A strong baseline goal is to invest 15% to 20% of your gross income for long-term wealth building. If that is too high currently, start with whatever you can comfortably afford, even if it is just 5%. Slowly increase your contribution rate by 1% or 2% every time you receive a raise or bonus. Ensure you have an emergency fund fully established before aggressively investing. Consistency in contributing is more important than the initial starting amount."
What is compound interest and how does it help me?,"Compound interest is the process where your investment earnings generate their own earnings over time. It creates a snowball effect that accelerates your wealth building exponentially. For example, if you invest early, the majority of your final portfolio value will be from growth, not your initial deposits. To maximize this effect, reinvest all your dividends and avoid touching the principal. The earlier you start investing, the more powerful compound interest becomes."
I have 5000 to invest right now. Should I invest it all at once or slowly?,"Investing a lump sum immediately historically provides better returns than spreading it out, because markets tend to trend upward over time. However, if putting the full 5000 in at once makes you anxious, use dollar-cost averaging instead. Invest equal portions, such as $1000 every month, until the funds are deployed. This minimizes the risk of investing everything right before a market dip. Choose the method that helps you sleep better at night and stick to your plan."
Should I buy individual stocks with my 1000?,"For most investors, buying individual stocks is significantly riskier than buying broad-market index funds. If you want to buy individual stocks, limit it to no more than 5% to 10% of your total portfolio. Use the rest of your funds to build a solid foundation of diversified ETFs or mutual funds. Treat the 1000 as play money that you are emotionally prepared to lose. Extensive research is required to consistently beat the market with single stocks."
What is a dividend and how do I earn them?,"A dividend is a portion of a company's profit distributed directly to its shareholders, usually on a quarterly basis. You earn them simply by owning shares of dividend-paying companies or dividend-focused ETFs on the ex-dividend date. They provide a passive income stream that can be automatically reinvested to buy more shares. Over decades, reinvested dividends account for a massive portion of total stock market returns. Look for companies with a long history of consistently raising their dividend payouts."
The stock market just crashed and my portfolio is down. What do I do?,"The most important rule during a market crash is to not panic sell, as this turns temporary paper losses into permanent realized losses. History shows that broad markets eventually recover and reach new all-time highs. If you have extra cash available, a market dip is actually an opportunity to buy assets at a discount. Continue your regular automated investments exactly as planned. Ignore the daily financial news and focus on your long-term investment horizon."
What does the P/E ratio of a stock mean?,"The Price-to-Earnings ratio compares a company's current stock price to its per-share earnings. It helps you determine if a stock is overvalued or undervalued relative to its peers. A high ratio suggests investors expect high future growth, while a low ratio might indicate a value stock or a struggling company. It is a useful metric but should never be used in isolation when evaluating a stock. Always compare a company's ratio to others in the same specific industry."
How do I evaluate if a company is a good investment?,"Start by examining the company's financial health, specifically its revenue growth, profit margins, and debt levels. Ensure the company has a strong competitive advantage, often called a moat, that protects it from rivals. Read their recent earnings reports to understand management's strategy and future guidance. Compare its valuation metrics to historical averages and industry competitors. Finally, only invest in businesses whose products and business models you fully understand."
I am 22 and terrified of losing money. How should I invest?,"Given your low risk tolerance, focus on capital preservation and steady, guaranteed returns. Allocate a large portion of your portfolio to High-Yield Savings Accounts, Certificates of Deposit, and government bonds. Keep a smaller percentage in highly diversified, low-volatility index funds to outpace inflation. Avoid individual stocks, crypto, or sector-specific funds completely. It is perfectly fine to accept lower returns in exchange for peace of mind and financial security."
I want aggressive growth and do not mind volatility. What is the best strategy?,"An aggressive growth strategy should heavily prioritize equities over bonds or cash. Allocate 90% to 100% of your portfolio into broad-market index funds, with a tilt towards small-cap or technology ETFs which historically offer higher growth. You must be mentally prepared to endure market drops of 30% or more without panic selling. Maintain a solid emergency fund in cash so you are never forced to sell stocks during a downturn. Time and a stomach for volatility are your main advantages."
How do I determine my personal risk tolerance?,"Risk tolerance is determined by your time horizon, your financial capacity to absorb losses, and your emotional reaction to market drops. If you need the money in less than five years, your risk capacity is mathematically low. Emotionally, if a 20% drop in your portfolio would cause you to lose sleep or sell, you have a low risk tolerance. Take a standardized risk questionnaire to objectively evaluate your comfort levels. Your portfolio allocation should balance your mathematical needs with your emotional comfort."
Should my risk level change as I get older?,"Yes, your portfolio should gradually shift from aggressive to conservative as you approach retirement. In your twenties and thirties, you have decades to recover from market crashes, so a stock-heavy portfolio is ideal. As you near the time when you will actually draw down the funds, a sudden crash could ruin your retirement plans. Begin increasing your bond and cash allocations about five to ten years before you stop working. This strategy protects your accumulated wealth while still providing some growth."
I want to balance risk and reward. What is a standard moderate portfolio?,"A classic moderate approach is the 60/40 portfolio, holding 60% in equities and 40% in fixed income like bonds. The stock portion provides growth to beat inflation, while the bond portion provides income and stability during stock market crashes. You can achieve this easily by buying just two broad index funds, or a single target-date fund. Rebalance the portfolio once a year to maintain your target percentages. This strategy offers a relatively smooth ride without sacrificing all growth potential."
I have 5000 in credit card debt. How do I pay it off?,"Stop using your credit cards immediately to prevent the balance from growing. Use the avalanche method by aggressively paying down the card with the highest interest rate while making minimum payments on the others. Alternatively, use the snowball method by paying off the smallest balance first to build psychological momentum. Consider transferring the balance to a 0% introductory APR card to pause the interest charges temporarily. Direct every spare dollar from your budget toward this debt until it is gone."
Should I pay off my student loans early or invest?,"The decision depends entirely on the interest rate of your student loans. If your rate is above 5% to 6%, aggressively paying off the debt guarantees a high return on your money. If your rate is below 4%, you are mathematically better off making minimum payments and investing the difference in the stock market. Ensure you are still contributing enough to your retirement accounts to get any employer match, regardless of the debt. Also, factor in the psychological relief of being completely debt-free."
What is a debt consolidation loan and should I get one?,"A debt consolidation loan rolls multiple high-interest debts, like credit cards, into a single loan with a lower fixed interest rate. This simplifies your finances to one monthly payment and saves you money on interest over time. However, it only works if you address the root cause of your spending and stop accumulating new debt. If you consolidate the debt but continue overspending, you will end up with double the debt. Shop around with local credit unions for the best personal loan rates."
How do I improve my credit score?,"The two most impactful actions are paying every single bill on time and lowering your credit utilization ratio. Keep your credit card balances below 30% of your total limit, ideally paying them off entirely every month. Do not close old credit card accounts, as the length of your credit history positively impacts your score. Limit new credit applications to avoid hard inquiries pulling your score down. Check your credit report annually to dispute any errors dragging your score down."
I feel overwhelmed by my monthly debt payments of 2000. Help.,"First, organize all your debts in a spreadsheet, listing the total balance, minimum payment, and interest rate. Contact your lenders immediately to ask for hardship programs, lower interest rates, or extended payment terms. Pause all non-essential spending and investments to free up cash flow for debt repayment. If the math shows you cannot repay the debt within five years even with extreme cuts, consult a non-profit credit counselor. Taking proactive control of the situation will reduce your financial anxiety."
How much should I have in my emergency fund?,"A standard rule is to save three to six months worth of essential living expenses. Essential expenses include housing, food, utilities, transportation, and minimum debt payments. If your income is variable, you work in a volatile industry, or you have dependents, aim for the full six to twelve months. Keep these funds easily accessible in a High-Yield Savings Account. Do not invest this money, as it needs to be available immediately during a crisis without losing value."
Where is the best place to keep an emergency fund?,"Your emergency fund must be highly liquid and completely safe from market fluctuations. The optimal location is a High-Yield Savings Account at an online, FDIC-insured bank. These accounts offer much higher interest rates than traditional brick-and-mortar banks, helping your money keep pace with inflation. Keep it separate from your everyday checking account so you are not tempted to spend it. Avoid locking this money in investments, stocks, or long-term CDs."
I just had to use my emergency fund for a 5000 repair. What now?,"Using your emergency fund for an actual emergency means the system worked exactly as intended. Your immediate financial priority now shifts to replenishing the fund back to its original level. Temporarily pause any aggressive debt payoff or extra investing, redirecting that cash flow directly into savings. Review your budget to see if you can temporarily cut discretionary spending to speed up the process. Once the fund is restored, resume your normal financial plan."
Is a credit card a good substitute for an emergency fund?,"No, relying on a credit card for emergencies is a highly dangerous financial strategy. If you lose your job and use a credit card to survive, you will quickly accumulate high-interest debt that compounds your crisis. Furthermore, banks can unexpectedly lower your credit limit or close your account during economic downturns. An emergency fund provides true security because it is cash you already own. Credit cards should only be used as a payment tool, not a safety net."
How do I build an emergency fund if my income is tight?,"Start with a micro-goal of saving just one month of rent or $1000, whichever is smaller. Automate a transfer of just $20 or $50 a paycheck so the savings happen in the background without you thinking about it. Sell unused items around your home or pick up temporary gig work to generate a quick cash infusion specifically for this fund. Direct any unexpected windfalls, like tax refunds or bonuses, straight into the emergency account. Consistency over time will build the fund, even with small amounts."
What financial goals should I prioritize first?,"First, establish a starter emergency fund of at least one month of living expenses. Second, secure any employer match for your retirement accounts, as this is free money. Third, aggressively pay off all high-interest consumer debt like credit cards or personal loans. Fourth, expand your emergency fund to a full three to six months of expenses. Finally, focus on maximizing your retirement investments and saving for personal goals like real estate."
I want to retire early. How do I achieve financial independence?,"Retiring early requires an exceptionally high savings rate, often between 40% and 60% of your gross income. Calculate your Financial Independence number by multiplying your expected annual retirement expenses by 25. Invest the gap between your income and expenses heavily into low-cost, broad-market index funds. Focus aggressively on increasing your income through career advancement or side businesses while keeping your lifestyle fixed. The core math of early retirement is entirely dependent on your savings rate, not your age."
Should I buy a house or keep renting?,"Renting offers flexibility and caps your monthly housing costs, while buying builds equity but involves significant unrecoverable costs like maintenance, taxes, and interest. Run a rent versus buy calculator for your specific city to compare the long-term financial outcomes. Only buy if you plan to stay in the same location for at least five to seven years, as closing costs will eat any short-term equity. Ensure your total housing payment stays below 30% of your gross monthly income. Do not view a primary residence strictly as an investment."
How do I plan financially for a new baby?,"Begin by drastically increasing your cash reserves to cover medical deductibles, new gear, and potential unpaid leave. Review your health insurance policy thoroughly to understand your out-of-pocket maximums for labor and delivery. Draft or update your will, and secure term life insurance policies for both parents immediately. Practice living on one income if a parent plans to stay home, banking the second income into savings. Consider opening a 529 College Savings Plan shortly after the birth to start tax-advantaged educational savings."
What is the difference between a traditional IRA and a Roth IRA?,"A Traditional IRA provides an upfront tax deduction on your contributions, but you pay taxes on the money when you withdraw it in retirement. A Roth IRA uses after-tax money, meaning no upfront deduction, but all growth and withdrawals in retirement are completely tax-free. If you expect your tax rate to be higher in retirement, a Roth IRA is generally the better choice. Roth IRAs also offer more flexibility, allowing you to withdraw your original contributions penalty-free at any time. Maximize your contributions to take full advantage of the tax benefits."
I earn 5000 a month and have no idea how to budget. Help me start.,"The 50/30/20 rule is an excellent framework for beginners. Allocate 50% (2500) to essential needs like housing and groceries, 30% (1500) to wants, and 20% (1000) to savings. Start by tracking your spending for one full month to see your actual habits. Use a spreadsheet or a free budgeting app to automate this tracking. Adjust the percentages as needed, but prioritize keeping your needs below half your income."
"My family brings in 75000 a year, but we always feel broke. How do we fix this?","You likely have lifestyle creep, where your expenses have grown to match your income. Begin by doing a complete audit of your past three months of transactions to find hidden leaks. Implement zero-based budgeting, giving every single dollar a specific job before the month starts. Cut ruthlessly on non-essentials temporarily until you build a cash buffer. Redirect the freed-up cash automatically into a separate savings account."
I am a student working part-time making 1200 a month. How should I budget?,"As a student, your primary financial goal should be avoiding high-interest debt while covering essentials. Focus on keeping your fixed costs like rent and transportation as low as possible. Save at least 10% of your income to build a small buffer for unexpected expenses like textbooks or car repairs. Take advantage of student discounts and free campus resources to stretch your wants budget. Establishing good tracking habits now will pay off immensely when your income grows."
I want to try the envelope system. I have 5000 to manage monthly. How do I do it?,"The cash envelope system is a highly effective way to control variable spending. Withdraw your designated monthly amounts for groceries, dining out, and entertainment in cash. Divide the cash into physical envelopes for each category at the start of the month. Once an envelope is empty, you cannot spend any more money in that category until next month. This creates immediate friction and awareness, stopping impulse purchases dead in their tracks."
What is zero-based budgeting? I make 5000 monthly.,"Zero-based budgeting requires you to allocate every single dollar of your income to a specific category, leaving exactly zero at the end. If you earn 5000, your expenses, savings, and investments must equal exactly 5000. This method ensures active decision-making rather than passively seeing what is left over. Start by listing your fixed expenses, then savings goals, and finally variable spending. It requires strict tracking but offers the highest level of financial control."
I want to save for a house down payment of 40000 in 5 years. How?,"Divide your 40000 target by the number of months in 5 years to find your monthly savings requirement. Set up an automatic transfer for this exact amount to a High-Yield Savings Account the day after your paycheck arrives. If the monthly amount is too high, you must either extend your timeline, increase your income, or aggressively cut expenses. Keep these funds out of the stock market since your timeframe is relatively short. Consistency and high interest rates are your best tools here."
How can I automate my savings? I earn 5000 biweekly.,The most effective way to automate savings is to split your direct deposit at the source. Have your employer send a specific percentage directly to a separate savings or investment account. Have the remainder deposited into your primary checking account for regular bills and expenses. This pay-yourself-first method removes the temptation to spend the money. You will quickly adapt to living on the slightly smaller checking account balance.
I have trouble saving money because of impulse buys. What should I do?,"Implement a mandatory 48-hour cooling-off period for any non-essential purchase over $50. Unlink your credit cards from online shopping accounts to add friction to the checkout process. When you feel the urge to buy something, transfer that exact amount of money into your savings account instead. Create a visual reminder of your long-term financial goals and place it on your phone lock screen or wallet. Changing your environment is more effective than relying on willpower alone."
What is a High-Yield Savings Account and should I put my 10000 there?,"A High-Yield Savings Account pays significantly more interest than a traditional bank account. You should absolutely move your 10000 into one to protect it from inflation while maintaining access to the funds. Look for accounts with no monthly fees and competitive rates from reputable online banks. These accounts remain highly liquid, meaning you can transfer your money quickly when needed. It is the perfect vehicle for short-term savings and emergency funds."
I want to buy a car for 10000 in a year. Should I save or invest the money?,"Because your timeline is only one year, you must prioritize capital preservation over growth. Keep the money in a High-Yield Savings Account or a short-term Certificate of Deposit. The stock market is too volatile for a one-year timeframe, and a sudden downturn could ruin your purchase plans. A savings account will provide a small guaranteed return with zero risk of losing your principal. Set a strict monthly savings goal to reach the 10000 target on time."
I am 30 years old and want to start investing. Where do I begin?,"Start by opening a broad-market index fund or an Exchange-Traded Fund to instantly diversify your portfolio. These funds track the overall market, spreading your risk across hundreds of companies. Set up recurring monthly contributions to take advantage of dollar-cost averaging, which smooths out market volatility. Avoid trying to pick individual winning stocks when you are just starting out. Time in the market is your greatest asset at age 30."
What is the difference between an ETF and a mutual fund?,"An ETF trades on an exchange like a regular stock, meaning its price fluctuates throughout the trading day. A mutual fund is priced only once at the end of the trading day. ETFs generally have lower expense ratios and are more tax-efficient than mutual funds. Both are excellent tools for diversifying your portfolio without buying individual stocks. For most beginner investors, a low-cost S&P 500 ETF is the best starting point."
How much of my 5000 income should I be investing?,"A strong baseline goal is to invest 15% to 20% of your gross income for long-term wealth building. If that is too high currently, start with whatever you can comfortably afford, even if it is just 5%. Slowly increase your contribution rate by 1% or 2% every time you receive a raise or bonus. Ensure you have an emergency fund fully established before aggressively investing. Consistency in contributing is more important than the initial starting amount."
What is compound interest and how does it help me?,"Compound interest is the process where your investment earnings generate their own earnings over time. It creates a snowball effect that accelerates your wealth building exponentially. For example, if you invest early, the majority of your final portfolio value will be from growth, not your initial deposits. To maximize this effect, reinvest all your dividends and avoid touching the principal. The earlier you start investing, the more powerful compound interest becomes."
I have 10000 to invest right now. Should I invest it all at once or slowly?,"Investing a lump sum immediately historically provides better returns than spreading it out, because markets tend to trend upward over time. However, if putting the full 10000 in at once makes you anxious, use dollar-cost averaging instead. Invest equal portions, such as $1000 every month, until the funds are deployed. This minimizes the risk of investing everything right before a market dip. Choose the method that helps you sleep better at night and stick to your plan."
Should I buy individual stocks with my 2500?,"For most investors, buying individual stocks is significantly riskier than buying broad-market index funds. If you want to buy individual stocks, limit it to no more than 5% to 10% of your total portfolio. Use the rest of your funds to build a solid foundation of diversified ETFs or mutual funds. Treat the 2500 as play money that you are emotionally prepared to lose. Extensive research is required to consistently beat the market with single stocks."
What is a dividend and how do I earn them?,"A dividend is a portion of a company's profit distributed directly to its shareholders, usually on a quarterly basis. You earn them simply by owning shares of dividend-paying companies or dividend-focused ETFs on the ex-dividend date. They provide a passive income stream that can be automatically reinvested to buy more shares. Over decades, reinvested dividends account for a massive portion of total stock market returns. Look for companies with a long history of consistently raising their dividend payouts."
The stock market just crashed and my portfolio is down. What do I do?,"The most important rule during a market crash is to not panic sell, as this turns temporary paper losses into permanent realized losses. History shows that broad markets eventually recover and reach new all-time highs. If you have extra cash available, a market dip is actually an opportunity to buy assets at a discount. Continue your regular automated investments exactly as planned. Ignore the daily financial news and focus on your long-term investment horizon."
What does the P/E ratio of a stock mean?,"The Price-to-Earnings ratio compares a company's current stock price to its per-share earnings. It helps you determine if a stock is overvalued or undervalued relative to its peers. A high ratio suggests investors expect high future growth, while a low ratio might indicate a value stock or a struggling company. It is a useful metric but should never be used in isolation when evaluating a stock. Always compare a company's ratio to others in the same specific industry."
How do I evaluate if a company is a good investment?,"Start by examining the company's financial health, specifically its revenue growth, profit margins, and debt levels. Ensure the company has a strong competitive advantage, often called a moat, that protects it from rivals. Read their recent earnings reports to understand management's strategy and future guidance. Compare its valuation metrics to historical averages and industry competitors. Finally, only invest in businesses whose products and business models you fully understand."
I am 30 and terrified of losing money. How should I invest?,"Given your low risk tolerance, focus on capital preservation and steady, guaranteed returns. Allocate a large portion of your portfolio to High-Yield Savings Accounts, Certificates of Deposit, and government bonds. Keep a smaller percentage in highly diversified, low-volatility index funds to outpace inflation. Avoid individual stocks, crypto, or sector-specific funds completely. It is perfectly fine to accept lower returns in exchange for peace of mind and financial security."
I want aggressive growth and do not mind volatility. What is the best strategy?,"An aggressive growth strategy should heavily prioritize equities over bonds or cash. Allocate 90% to 100% of your portfolio into broad-market index funds, with a tilt towards small-cap or technology ETFs which historically offer higher growth. You must be mentally prepared to endure market drops of 30% or more without panic selling. Maintain a solid emergency fund in cash so you are never forced to sell stocks during a downturn. Time and a stomach for volatility are your main advantages."
How do I determine my personal risk tolerance?,"Risk tolerance is determined by your time horizon, your financial capacity to absorb losses, and your emotional reaction to market drops. If you need the money in less than five years, your risk capacity is mathematically low. Emotionally, if a 20% drop in your portfolio would cause you to lose sleep or sell, you have a low risk tolerance. Take a standardized risk questionnaire to objectively evaluate your comfort levels. Your portfolio allocation should balance your mathematical needs with your emotional comfort."
Should my risk level change as I get older?,"Yes, your portfolio should gradually shift from aggressive to conservative as you approach retirement. In your twenties and thirties, you have decades to recover from market crashes, so a stock-heavy portfolio is ideal. As you near the time when you will actually draw down the funds, a sudden crash could ruin your retirement plans. Begin increasing your bond and cash allocations about five to ten years before you stop working. This strategy protects your accumulated wealth while still providing some growth."
I want to balance risk and reward. What is a standard moderate portfolio?,"A classic moderate approach is the 60/40 portfolio, holding 60% in equities and 40% in fixed income like bonds. The stock portion provides growth to beat inflation, while the bond portion provides income and stability during stock market crashes. You can achieve this easily by buying just two broad index funds, or a single target-date fund. Rebalance the portfolio once a year to maintain your target percentages. This strategy offers a relatively smooth ride without sacrificing all growth potential."
I have 12000 in credit card debt. How do I pay it off?,"Stop using your credit cards immediately to prevent the balance from growing. Use the avalanche method by aggressively paying down the card with the highest interest rate while making minimum payments on the others. Alternatively, use the snowball method by paying off the smallest balance first to build psychological momentum. Consider transferring the balance to a 0% introductory APR card to pause the interest charges temporarily. Direct every spare dollar from your budget toward this debt until it is gone."
Should I pay off my student loans early or invest?,"The decision depends entirely on the interest rate of your student loans. If your rate is above 5% to 6%, aggressively paying off the debt guarantees a high return on your money. If your rate is below 4%, you are mathematically better off making minimum payments and investing the difference in the stock market. Ensure you are still contributing enough to your retirement accounts to get any employer match, regardless of the debt. Also, factor in the psychological relief of being completely debt-free."
What is a debt consolidation loan and should I get one?,"A debt consolidation loan rolls multiple high-interest debts, like credit cards, into a single loan with a lower fixed interest rate. This simplifies your finances to one monthly payment and saves you money on interest over time. However, it only works if you address the root cause of your spending and stop accumulating new debt. If you consolidate the debt but continue overspending, you will end up with double the debt. Shop around with local credit unions for the best personal loan rates."
How do I improve my credit score?,"The two most impactful actions are paying every single bill on time and lowering your credit utilization ratio. Keep your credit card balances below 30% of your total limit, ideally paying them off entirely every month. Do not close old credit card accounts, as the length of your credit history positively impacts your score. Limit new credit applications to avoid hard inquiries pulling your score down. Check your credit report annually to dispute any errors dragging your score down."
I feel overwhelmed by my monthly debt payments of 3500. Help.,"First, organize all your debts in a spreadsheet, listing the total balance, minimum payment, and interest rate. Contact your lenders immediately to ask for hardship programs, lower interest rates, or extended payment terms. Pause all non-essential spending and investments to free up cash flow for debt repayment. If the math shows you cannot repay the debt within five years even with extreme cuts, consult a non-profit credit counselor. Taking proactive control of the situation will reduce your financial anxiety."
How much should I have in my emergency fund?,"A standard rule is to save three to six months worth of essential living expenses. Essential expenses include housing, food, utilities, transportation, and minimum debt payments. If your income is variable, you work in a volatile industry, or you have dependents, aim for the full six to twelve months. Keep these funds easily accessible in a High-Yield Savings Account. Do not invest this money, as it needs to be available immediately during a crisis without losing value."
Where is the best place to keep an emergency fund?,"Your emergency fund must be highly liquid and completely safe from market fluctuations. The optimal location is a High-Yield Savings Account at an online, FDIC-insured bank. These accounts offer much higher interest rates than traditional brick-and-mortar banks, helping your money keep pace with inflation. Keep it separate from your everyday checking account so you are not tempted to spend it. Avoid locking this money in investments, stocks, or long-term CDs."
I just had to use my emergency fund for a 10000 repair. What now?,"Using your emergency fund for an actual emergency means the system worked exactly as intended. Your immediate financial priority now shifts to replenishing the fund back to its original level. Temporarily pause any aggressive debt payoff or extra investing, redirecting that cash flow directly into savings. Review your budget to see if you can temporarily cut discretionary spending to speed up the process. Once the fund is restored, resume your normal financial plan."
Is a credit card a good substitute for an emergency fund?,"No, relying on a credit card for emergencies is a highly dangerous financial strategy. If you lose your job and use a credit card to survive, you will quickly accumulate high-interest debt that compounds your crisis. Furthermore, banks can unexpectedly lower your credit limit or close your account during economic downturns. An emergency fund provides true security because it is cash you already own. Credit cards should only be used as a payment tool, not a safety net."
How do I build an emergency fund if my income is tight?,"Start with a micro-goal of saving just one month of rent or $1000, whichever is smaller. Automate a transfer of just $20 or $50 a paycheck so the savings happen in the background without you thinking about it. Sell unused items around your home or pick up temporary gig work to generate a quick cash infusion specifically for this fund. Direct any unexpected windfalls, like tax refunds or bonuses, straight into the emergency account. Consistency over time will build the fund, even with small amounts."
What financial goals should I prioritize first?,"First, establish a starter emergency fund of at least one month of living expenses. Second, secure any employer match for your retirement accounts, as this is free money. Third, aggressively pay off all high-interest consumer debt like credit cards or personal loans. Fourth, expand your emergency fund to a full three to six months of expenses. Finally, focus on maximizing your retirement investments and saving for personal goals like real estate."
I want to retire early. How do I achieve financial independence?,"Retiring early requires an exceptionally high savings rate, often between 40% and 60% of your gross income. Calculate your Financial Independence number by multiplying your expected annual retirement expenses by 25. Invest the gap between your income and expenses heavily into low-cost, broad-market index funds. Focus aggressively on increasing your income through career advancement or side businesses while keeping your lifestyle fixed. The core math of early retirement is entirely dependent on your savings rate, not your age."
Should I buy a house or keep renting?,"Renting offers flexibility and caps your monthly housing costs, while buying builds equity but involves significant unrecoverable costs like maintenance, taxes, and interest. Run a rent versus buy calculator for your specific city to compare the long-term financial outcomes. Only buy if you plan to stay in the same location for at least five to seven years, as closing costs will eat any short-term equity. Ensure your total housing payment stays below 30% of your gross monthly income. Do not view a primary residence strictly as an investment."
How do I plan financially for a new baby?,"Begin by drastically increasing your cash reserves to cover medical deductibles, new gear, and potential unpaid leave. Review your health insurance policy thoroughly to understand your out-of-pocket maximums for labor and delivery. Draft or update your will, and secure term life insurance policies for both parents immediately. Practice living on one income if a parent plans to stay home, banking the second income into savings. Consider opening a 529 College Savings Plan shortly after the birth to start tax-advantaged educational savings."
What is the difference between a traditional IRA and a Roth IRA?,"A Traditional IRA provides an upfront tax deduction on your contributions, but you pay taxes on the money when you withdraw it in retirement. A Roth IRA uses after-tax money, meaning no upfront deduction, but all growth and withdrawals in retirement are completely tax-free. If you expect your tax rate to be higher in retirement, a Roth IRA is generally the better choice. Roth IRAs also offer more flexibility, allowing you to withdraw your original contributions penalty-free at any time. Maximize your contributions to take full advantage of the tax benefits."
I earn 8000 a month and have no idea how to budget. Help me start.,"The 50/30/20 rule is an excellent framework for beginners. Allocate 50% (4000) to essential needs like housing and groceries, 30% (2400) to wants, and 20% (1600) to savings. Start by tracking your spending for one full month to see your actual habits. Use a spreadsheet or a free budgeting app to automate this tracking. Adjust the percentages as needed, but prioritize keeping your needs below half your income."
"My family brings in 110000 a year, but we always feel broke. How do we fix this?","You likely have lifestyle creep, where your expenses have grown to match your income. Begin by doing a complete audit of your past three months of transactions to find hidden leaks. Implement zero-based budgeting, giving every single dollar a specific job before the month starts. Cut ruthlessly on non-essentials temporarily until you build a cash buffer. Redirect the freed-up cash automatically into a separate savings account."
I am a student working part-time making 1500 a month. How should I budget?,"As a student, your primary financial goal should be avoiding high-interest debt while covering essentials. Focus on keeping your fixed costs like rent and transportation as low as possible. Save at least 10% of your income to build a small buffer for unexpected expenses like textbooks or car repairs. Take advantage of student discounts and free campus resources to stretch your wants budget. Establishing good tracking habits now will pay off immensely when your income grows."
I want to try the envelope system. I have 8000 to manage monthly. How do I do it?,"The cash envelope system is a highly effective way to control variable spending. Withdraw your designated monthly amounts for groceries, dining out, and entertainment in cash. Divide the cash into physical envelopes for each category at the start of the month. Once an envelope is empty, you cannot spend any more money in that category until next month. This creates immediate friction and awareness, stopping impulse purchases dead in their tracks."
What is zero-based budgeting? I make 8000 monthly.,"Zero-based budgeting requires you to allocate every single dollar of your income to a specific category, leaving exactly zero at the end. If you earn 8000, your expenses, savings, and investments must equal exactly 8000. This method ensures active decision-making rather than passively seeing what is left over. Start by listing your fixed expenses, then savings goals, and finally variable spending. It requires strict tracking but offers the highest level of financial control."
I want to save for a house down payment of 80000 in 7 years. How?,"Divide your 80000 target by the number of months in 7 years to find your monthly savings requirement. Set up an automatic transfer for this exact amount to a High-Yield Savings Account the day after your paycheck arrives. If the monthly amount is too high, you must either extend your timeline, increase your income, or aggressively cut expenses. Keep these funds out of the stock market since your timeframe is relatively short. Consistency and high interest rates are your best tools here."
How can I automate my savings? I earn 8000 biweekly.,The most effective way to automate savings is to split your direct deposit at the source. Have your employer send a specific percentage directly to a separate savings or investment account. Have the remainder deposited into your primary checking account for regular bills and expenses. This pay-yourself-first method removes the temptation to spend the money. You will quickly adapt to living on the slightly smaller checking account balance.
I have trouble saving money because of impulse buys. What should I do?,"Implement a mandatory 48-hour cooling-off period for any non-essential purchase over $50. Unlink your credit cards from online shopping accounts to add friction to the checkout process. When you feel the urge to buy something, transfer that exact amount of money into your savings account instead. Create a visual reminder of your long-term financial goals and place it on your phone lock screen or wallet. Changing your environment is more effective than relying on willpower alone."
What is a High-Yield Savings Account and should I put my 20000 there?,"A High-Yield Savings Account pays significantly more interest than a traditional bank account. You should absolutely move your 20000 into one to protect it from inflation while maintaining access to the funds. Look for accounts with no monthly fees and competitive rates from reputable online banks. These accounts remain highly liquid, meaning you can transfer your money quickly when needed. It is the perfect vehicle for short-term savings and emergency funds."
I want to buy a car for 20000 in a year. Should I save or invest the money?,"Because your timeline is only one year, you must prioritize capital preservation over growth. Keep the money in a High-Yield Savings Account or a short-term Certificate of Deposit. The stock market is too volatile for a one-year timeframe, and a sudden downturn could ruin your purchase plans. A savings account will provide a small guaranteed return with zero risk of losing your principal. Set a strict monthly savings goal to reach the 20000 target on time."
I am 45 years old and want to start investing. Where do I begin?,"Start by opening a broad-market index fund or an Exchange-Traded Fund to instantly diversify your portfolio. These funds track the overall market, spreading your risk across hundreds of companies. Set up recurring monthly contributions to take advantage of dollar-cost averaging, which smooths out market volatility. Avoid trying to pick individual winning stocks when you are just starting out. Time in the market is your greatest asset at age 45."
What is the difference between an ETF and a mutual fund?,"An ETF trades on an exchange like a regular stock, meaning its price fluctuates throughout the trading day. A mutual fund is priced only once at the end of the trading day. ETFs generally have lower expense ratios and are more tax-efficient than mutual funds. Both are excellent tools for diversifying your portfolio without buying individual stocks. For most beginner investors, a low-cost S&P 500 ETF is the best starting point."
How much of my 8000 income should I be investing?,"A strong baseline goal is to invest 15% to 20% of your gross income for long-term wealth building. If that is too high currently, start with whatever you can comfortably afford, even if it is just 5%. Slowly increase your contribution rate by 1% or 2% every time you receive a raise or bonus. Ensure you have an emergency fund fully established before aggressively investing. Consistency in contributing is more important than the initial starting amount."
What is compound interest and how does it help me?,"Compound interest is the process where your investment earnings generate their own earnings over time. It creates a snowball effect that accelerates your wealth building exponentially. For example, if you invest early, the majority of your final portfolio value will be from growth, not your initial deposits. To maximize this effect, reinvest all your dividends and avoid touching the principal. The earlier you start investing, the more powerful compound interest becomes."
I have 20000 to invest right now. Should I invest it all at once or slowly?,"Investing a lump sum immediately historically provides better returns than spreading it out, because markets tend to trend upward over time. However, if putting the full 20000 in at once makes you anxious, use dollar-cost averaging instead. Invest equal portions, such as $1000 every month, until the funds are deployed. This minimizes the risk of investing everything right before a market dip. Choose the method that helps you sleep better at night and stick to your plan."
Should I buy individual stocks with my 5000?,"For most investors, buying individual stocks is significantly riskier than buying broad-market index funds. If you want to buy individual stocks, limit it to no more than 5% to 10% of your total portfolio. Use the rest of your funds to build a solid foundation of diversified ETFs or mutual funds. Treat the 5000 as play money that you are emotionally prepared to lose. Extensive research is required to consistently beat the market with single stocks."
What is a dividend and how do I earn them?,"A dividend is a portion of a company's profit distributed directly to its shareholders, usually on a quarterly basis. You earn them simply by owning shares of dividend-paying companies or dividend-focused ETFs on the ex-dividend date. They provide a passive income stream that can be automatically reinvested to buy more shares. Over decades, reinvested dividends account for a massive portion of total stock market returns. Look for companies with a long history of consistently raising their dividend payouts."
The stock market just crashed and my portfolio is down. What do I do?,"The most important rule during a market crash is to not panic sell, as this turns temporary paper losses into permanent realized losses. History shows that broad markets eventually recover and reach new all-time highs. If you have extra cash available, a market dip is actually an opportunity to buy assets at a discount. Continue your regular automated investments exactly as planned. Ignore the daily financial news and focus on your long-term investment horizon."
What does the P/E ratio of a stock mean?,"The Price-to-Earnings ratio compares a company's current stock price to its per-share earnings. It helps you determine if a stock is overvalued or undervalued relative to its peers. A high ratio suggests investors expect high future growth, while a low ratio might indicate a value stock or a struggling company. It is a useful metric but should never be used in isolation when evaluating a stock. Always compare a company's ratio to others in the same specific industry."
How do I evaluate if a company is a good investment?,"Start by examining the company's financial health, specifically its revenue growth, profit margins, and debt levels. Ensure the company has a strong competitive advantage, often called a moat, that protects it from rivals. Read their recent earnings reports to understand management's strategy and future guidance. Compare its valuation metrics to historical averages and industry competitors. Finally, only invest in businesses whose products and business models you fully understand."
I am 45 and terrified of losing money. How should I invest?,"Given your low risk tolerance, focus on capital preservation and steady, guaranteed returns. Allocate a large portion of your portfolio to High-Yield Savings Accounts, Certificates of Deposit, and government bonds. Keep a smaller percentage in highly diversified, low-volatility index funds to outpace inflation. Avoid individual stocks, crypto, or sector-specific funds completely. It is perfectly fine to accept lower returns in exchange for peace of mind and financial security."
I want aggressive growth and do not mind volatility. What is the best strategy?,"An aggressive growth strategy should heavily prioritize equities over bonds or cash. Allocate 90% to 100% of your portfolio into broad-market index funds, with a tilt towards small-cap or technology ETFs which historically offer higher growth. You must be mentally prepared to endure market drops of 30% or more without panic selling. Maintain a solid emergency fund in cash so you are never forced to sell stocks during a downturn. Time and a stomach for volatility are your main advantages."
How do I determine my personal risk tolerance?,"Risk tolerance is determined by your time horizon, your financial capacity to absorb losses, and your emotional reaction to market drops. If you need the money in less than five years, your risk capacity is mathematically low. Emotionally, if a 20% drop in your portfolio would cause you to lose sleep or sell, you have a low risk tolerance. Take a standardized risk questionnaire to objectively evaluate your comfort levels. Your portfolio allocation should balance your mathematical needs with your emotional comfort."
Should my risk level change as I get older?,"Yes, your portfolio should gradually shift from aggressive to conservative as you approach retirement. In your twenties and thirties, you have decades to recover from market crashes, so a stock-heavy portfolio is ideal. As you near the time when you will actually draw down the funds, a sudden crash could ruin your retirement plans. Begin increasing your bond and cash allocations about five to ten years before you stop working. This strategy protects your accumulated wealth while still providing some growth."
I want to balance risk and reward. What is a standard moderate portfolio?,"A classic moderate approach is the 60/40 portfolio, holding 60% in equities and 40% in fixed income like bonds. The stock portion provides growth to beat inflation, while the bond portion provides income and stability during stock market crashes. You can achieve this easily by buying just two broad index funds, or a single target-date fund. Rebalance the portfolio once a year to maintain your target percentages. This strategy offers a relatively smooth ride without sacrificing all growth potential."
I have 25000 in credit card debt. How do I pay it off?,"Stop using your credit cards immediately to prevent the balance from growing. Use the avalanche method by aggressively paying down the card with the highest interest rate while making minimum payments on the others. Alternatively, use the snowball method by paying off the smallest balance first to build psychological momentum. Consider transferring the balance to a 0% introductory APR card to pause the interest charges temporarily. Direct every spare dollar from your budget toward this debt until it is gone."
Should I pay off my student loans early or invest?,"The decision depends entirely on the interest rate of your student loans. If your rate is above 5% to 6%, aggressively paying off the debt guarantees a high return on your money. If your rate is below 4%, you are mathematically better off making minimum payments and investing the difference in the stock market. Ensure you are still contributing enough to your retirement accounts to get any employer match, regardless of the debt. Also, factor in the psychological relief of being completely debt-free."
What is a debt consolidation loan and should I get one?,"A debt consolidation loan rolls multiple high-interest debts, like credit cards, into a single loan with a lower fixed interest rate. This simplifies your finances to one monthly payment and saves you money on interest over time. However, it only works if you address the root cause of your spending and stop accumulating new debt. If you consolidate the debt but continue overspending, you will end up with double the debt. Shop around with local credit unions for the best personal loan rates."
How do I improve my credit score?,"The two most impactful actions are paying every single bill on time and lowering your credit utilization ratio. Keep your credit card balances below 30% of your total limit, ideally paying them off entirely every month. Do not close old credit card accounts, as the length of your credit history positively impacts your score. Limit new credit applications to avoid hard inquiries pulling your score down. Check your credit report annually to dispute any errors dragging your score down."
I feel overwhelmed by my monthly debt payments of 5000. Help.,"First, organize all your debts in a spreadsheet, listing the total balance, minimum payment, and interest rate. Contact your lenders immediately to ask for hardship programs, lower interest rates, or extended payment terms. Pause all non-essential spending and investments to free up cash flow for debt repayment. If the math shows you cannot repay the debt within five years even with extreme cuts, consult a non-profit credit counselor. Taking proactive control of the situation will reduce your financial anxiety."
How much should I have in my emergency fund?,"A standard rule is to save three to six months worth of essential living expenses. Essential expenses include housing, food, utilities, transportation, and minimum debt payments. If your income is variable, you work in a volatile industry, or you have dependents, aim for the full six to twelve months. Keep these funds easily accessible in a High-Yield Savings Account. Do not invest this money, as it needs to be available immediately during a crisis without losing value."
Where is the best place to keep an emergency fund?,"Your emergency fund must be highly liquid and completely safe from market fluctuations. The optimal location is a High-Yield Savings Account at an online, FDIC-insured bank. These accounts offer much higher interest rates than traditional brick-and-mortar banks, helping your money keep pace with inflation. Keep it separate from your everyday checking account so you are not tempted to spend it. Avoid locking this money in investments, stocks, or long-term CDs."
I just had to use my emergency fund for a 20000 repair. What now?,"Using your emergency fund for an actual emergency means the system worked exactly as intended. Your immediate financial priority now shifts to replenishing the fund back to its original level. Temporarily pause any aggressive debt payoff or extra investing, redirecting that cash flow directly into savings. Review your budget to see if you can temporarily cut discretionary spending to speed up the process. Once the fund is restored, resume your normal financial plan."
Is a credit card a good substitute for an emergency fund?,"No, relying on a credit card for emergencies is a highly dangerous financial strategy. If you lose your job and use a credit card to survive, you will quickly accumulate high-interest debt that compounds your crisis. Furthermore, banks can unexpectedly lower your credit limit or close your account during economic downturns. An emergency fund provides true security because it is cash you already own. Credit cards should only be used as a payment tool, not a safety net."
How do I build an emergency fund if my income is tight?,"Start with a micro-goal of saving just one month of rent or $1000, whichever is smaller. Automate a transfer of just $20 or $50 a paycheck so the savings happen in the background without you thinking about it. Sell unused items around your home or pick up temporary gig work to generate a quick cash infusion specifically for this fund. Direct any unexpected windfalls, like tax refunds or bonuses, straight into the emergency account. Consistency over time will build the fund, even with small amounts."
What financial goals should I prioritize first?,"First, establish a starter emergency fund of at least one month of living expenses. Second, secure any employer match for your retirement accounts, as this is free money. Third, aggressively pay off all high-interest consumer debt like credit cards or personal loans. Fourth, expand your emergency fund to a full three to six months of expenses. Finally, focus on maximizing your retirement investments and saving for personal goals like real estate."
I want to retire early. How do I achieve financial independence?,"Retiring early requires an exceptionally high savings rate, often between 40% and 60% of your gross income. Calculate your Financial Independence number by multiplying your expected annual retirement expenses by 25. Invest the gap between your income and expenses heavily into low-cost, broad-market index funds. Focus aggressively on increasing your income through career advancement or side businesses while keeping your lifestyle fixed. The core math of early retirement is entirely dependent on your savings rate, not your age."
Should I buy a house or keep renting?,"Renting offers flexibility and caps your monthly housing costs, while buying builds equity but involves significant unrecoverable costs like maintenance, taxes, and interest. Run a rent versus buy calculator for your specific city to compare the long-term financial outcomes. Only buy if you plan to stay in the same location for at least five to seven years, as closing costs will eat any short-term equity. Ensure your total housing payment stays below 30% of your gross monthly income. Do not view a primary residence strictly as an investment."
How do I plan financially for a new baby?,"Begin by drastically increasing your cash reserves to cover medical deductibles, new gear, and potential unpaid leave. Review your health insurance policy thoroughly to understand your out-of-pocket maximums for labor and delivery. Draft or update your will, and secure term life insurance policies for both parents immediately. Practice living on one income if a parent plans to stay home, banking the second income into savings. Consider opening a 529 College Savings Plan shortly after the birth to start tax-advantaged educational savings."
What is the difference between a traditional IRA and a Roth IRA?,"A Traditional IRA provides an upfront tax deduction on your contributions, but you pay taxes on the money when you withdraw it in retirement. A Roth IRA uses after-tax money, meaning no upfront deduction, but all growth and withdrawals in retirement are completely tax-free. If you expect your tax rate to be higher in retirement, a Roth IRA is generally the better choice. Roth IRAs also offer more flexibility, allowing you to withdraw your original contributions penalty-free at any time. Maximize your contributions to take full advantage of the tax benefits."
I earn 12000 a month and have no idea how to budget. Help me start.,"The 50/30/20 rule is an excellent framework for beginners. Allocate 50% (6000) to essential needs like housing and groceries, 30% (3600) to wants, and 20% (2400) to savings. Start by tracking your spending for one full month to see your actual habits. Use a spreadsheet or a free budgeting app to automate this tracking. Adjust the percentages as needed, but prioritize keeping your needs below half your income."
"My family brings in 160000 a year, but we always feel broke. How do we fix this?","You likely have lifestyle creep, where your expenses have grown to match your income. Begin by doing a complete audit of your past three months of transactions to find hidden leaks. Implement zero-based budgeting, giving every single dollar a specific job before the month starts. Cut ruthlessly on non-essentials temporarily until you build a cash buffer. Redirect the freed-up cash automatically into a separate savings account."
I am a student working part-time making 2000 a month. How should I budget?,"As a student, your primary financial goal should be avoiding high-interest debt while covering essentials. Focus on keeping your fixed costs like rent and transportation as low as possible. Save at least 10% of your income to build a small buffer for unexpected expenses like textbooks or car repairs. Take advantage of student discounts and free campus resources to stretch your wants budget. Establishing good tracking habits now will pay off immensely when your income grows."
I want to try the envelope system. I have 12000 to manage monthly. How do I do it?,"The cash envelope system is a highly effective way to control variable spending. Withdraw your designated monthly amounts for groceries, dining out, and entertainment in cash. Divide the cash into physical envelopes for each category at the start of the month. Once an envelope is empty, you cannot spend any more money in that category until next month. This creates immediate friction and awareness, stopping impulse purchases dead in their tracks."
What is zero-based budgeting? I make 12000 monthly.,"Zero-based budgeting requires you to allocate every single dollar of your income to a specific category, leaving exactly zero at the end. If you earn 12000, your expenses, savings, and investments must equal exactly 12000. This method ensures active decision-making rather than passively seeing what is left over. Start by listing your fixed expenses, then savings goals, and finally variable spending. It requires strict tracking but offers the highest level of financial control."
I want to save for a house down payment of 120000 in 4 years. How?,"Divide your 120000 target by the number of months in 4 years to find your monthly savings requirement. Set up an automatic transfer for this exact amount to a High-Yield Savings Account the day after your paycheck arrives. If the monthly amount is too high, you must either extend your timeline, increase your income, or aggressively cut expenses. Keep these funds out of the stock market since your timeframe is relatively short. Consistency and high interest rates are your best tools here."
How can I automate my savings? I earn 12000 biweekly.,The most effective way to automate savings is to split your direct deposit at the source. Have your employer send a specific percentage directly to a separate savings or investment account. Have the remainder deposited into your primary checking account for regular bills and expenses. This pay-yourself-first method removes the temptation to spend the money. You will quickly adapt to living on the slightly smaller checking account balance.
I have trouble saving money because of impulse buys. What should I do?,"Implement a mandatory 48-hour cooling-off period for any non-essential purchase over $50. Unlink your credit cards from online shopping accounts to add friction to the checkout process. When you feel the urge to buy something, transfer that exact amount of money into your savings account instead. Create a visual reminder of your long-term financial goals and place it on your phone lock screen or wallet. Changing your environment is more effective than relying on willpower alone."
What is a High-Yield Savings Account and should I put my 50000 there?,"A High-Yield Savings Account pays significantly more interest than a traditional bank account. You should absolutely move your 50000 into one to protect it from inflation while maintaining access to the funds. Look for accounts with no monthly fees and competitive rates from reputable online banks. These accounts remain highly liquid, meaning you can transfer your money quickly when needed. It is the perfect vehicle for short-term savings and emergency funds."
I want to buy a car for 50000 in a year. Should I save or invest the money?,"Because your timeline is only one year, you must prioritize capital preservation over growth. Keep the money in a High-Yield Savings Account or a short-term Certificate of Deposit. The stock market is too volatile for a one-year timeframe, and a sudden downturn could ruin your purchase plans. A savings account will provide a small guaranteed return with zero risk of losing your principal. Set a strict monthly savings goal to reach the 50000 target on time."
I am 55 years old and want to start investing. Where do I begin?,"Start by opening a broad-market index fund or an Exchange-Traded Fund to instantly diversify your portfolio. These funds track the overall market, spreading your risk across hundreds of companies. Set up recurring monthly contributions to take advantage of dollar-cost averaging, which smooths out market volatility. Avoid trying to pick individual winning stocks when you are just starting out. Time in the market is your greatest asset at age 55."
What is the difference between an ETF and a mutual fund?,"An ETF trades on an exchange like a regular stock, meaning its price fluctuates throughout the trading day. A mutual fund is priced only once at the end of the trading day. ETFs generally have lower expense ratios and are more tax-efficient than mutual funds. Both are excellent tools for diversifying your portfolio without buying individual stocks. For most beginner investors, a low-cost S&P 500 ETF is the best starting point."
How much of my 12000 income should I be investing?,"A strong baseline goal is to invest 15% to 20% of your gross income for long-term wealth building. If that is too high currently, start with whatever you can comfortably afford, even if it is just 5%. Slowly increase your contribution rate by 1% or 2% every time you receive a raise or bonus. Ensure you have an emergency fund fully established before aggressively investing. Consistency in contributing is more important than the initial starting amount."
What is compound interest and how does it help me?,"Compound interest is the process where your investment earnings generate their own earnings over time. It creates a snowball effect that accelerates your wealth building exponentially. For example, if you invest early, the majority of your final portfolio value will be from growth, not your initial deposits. To maximize this effect, reinvest all your dividends and avoid touching the principal. The earlier you start investing, the more powerful compound interest becomes."
I have 50000 to invest right now. Should I invest it all at once or slowly?,"Investing a lump sum immediately historically provides better returns than spreading it out, because markets tend to trend upward over time. However, if putting the full 50000 in at once makes you anxious, use dollar-cost averaging instead. Invest equal portions, such as $1000 every month, until the funds are deployed. This minimizes the risk of investing everything right before a market dip. Choose the method that helps you sleep better at night and stick to your plan."
Should I buy individual stocks with my 10000?,"For most investors, buying individual stocks is significantly riskier than buying broad-market index funds. If you want to buy individual stocks, limit it to no more than 5% to 10% of your total portfolio. Use the rest of your funds to build a solid foundation of diversified ETFs or mutual funds. Treat the 10000 as play money that you are emotionally prepared to lose. Extensive research is required to consistently beat the market with single stocks."
What is a dividend and how do I earn them?,"A dividend is a portion of a company's profit distributed directly to its shareholders, usually on a quarterly basis. You earn them simply by owning shares of dividend-paying companies or dividend-focused ETFs on the ex-dividend date. They provide a passive income stream that can be automatically reinvested to buy more shares. Over decades, reinvested dividends account for a massive portion of total stock market returns. Look for companies with a long history of consistently raising their dividend payouts."
The stock market just crashed and my portfolio is down. What do I do?,"The most important rule during a market crash is to not panic sell, as this turns temporary paper losses into permanent realized losses. History shows that broad markets eventually recover and reach new all-time highs. If you have extra cash available, a market dip is actually an opportunity to buy assets at a discount. Continue your regular automated investments exactly as planned. Ignore the daily financial news and focus on your long-term investment horizon."
What does the P/E ratio of a stock mean?,"The Price-to-Earnings ratio compares a company's current stock price to its per-share earnings. It helps you determine if a stock is overvalued or undervalued relative to its peers. A high ratio suggests investors expect high future growth, while a low ratio might indicate a value stock or a struggling company. It is a useful metric but should never be used in isolation when evaluating a stock. Always compare a company's ratio to others in the same specific industry."
How do I evaluate if a company is a good investment?,"Start by examining the company's financial health, specifically its revenue growth, profit margins, and debt levels. Ensure the company has a strong competitive advantage, often called a moat, that protects it from rivals. Read their recent earnings reports to understand management's strategy and future guidance. Compare its valuation metrics to historical averages and industry competitors. Finally, only invest in businesses whose products and business models you fully understand."
I am 55 and terrified of losing money. How should I invest?,"Given your low risk tolerance, focus on capital preservation and steady, guaranteed returns. Allocate a large portion of your portfolio to High-Yield Savings Accounts, Certificates of Deposit, and government bonds. Keep a smaller percentage in highly diversified, low-volatility index funds to outpace inflation. Avoid individual stocks, crypto, or sector-specific funds completely. It is perfectly fine to accept lower returns in exchange for peace of mind and financial security."
I want aggressive growth and do not mind volatility. What is the best strategy?,"An aggressive growth strategy should heavily prioritize equities over bonds or cash. Allocate 90% to 100% of your portfolio into broad-market index funds, with a tilt towards small-cap or technology ETFs which historically offer higher growth. You must be mentally prepared to endure market drops of 30% or more without panic selling. Maintain a solid emergency fund in cash so you are never forced to sell stocks during a downturn. Time and a stomach for volatility are your main advantages."
How do I determine my personal risk tolerance?,"Risk tolerance is determined by your time horizon, your financial capacity to absorb losses, and your emotional reaction to market drops. If you need the money in less than five years, your risk capacity is mathematically low. Emotionally, if a 20% drop in your portfolio would cause you to lose sleep or sell, you have a low risk tolerance. Take a standardized risk questionnaire to objectively evaluate your comfort levels. Your portfolio allocation should balance your mathematical needs with your emotional comfort."
Should my risk level change as I get older?,"Yes, your portfolio should gradually shift from aggressive to conservative as you approach retirement. In your twenties and thirties, you have decades to recover from market crashes, so a stock-heavy portfolio is ideal. As you near the time when you will actually draw down the funds, a sudden crash could ruin your retirement plans. Begin increasing your bond and cash allocations about five to ten years before you stop working. This strategy protects your accumulated wealth while still providing some growth."
I want to balance risk and reward. What is a standard moderate portfolio?,"A classic moderate approach is the 60/40 portfolio, holding 60% in equities and 40% in fixed income like bonds. The stock portion provides growth to beat inflation, while the bond portion provides income and stability during stock market crashes. You can achieve this easily by buying just two broad index funds, or a single target-date fund. Rebalance the portfolio once a year to maintain your target percentages. This strategy offers a relatively smooth ride without sacrificing all growth potential."
I have 40000 in credit card debt. How do I pay it off?,"Stop using your credit cards immediately to prevent the balance from growing. Use the avalanche method by aggressively paying down the card with the highest interest rate while making minimum payments on the others. Alternatively, use the snowball method by paying off the smallest balance first to build psychological momentum. Consider transferring the balance to a 0% introductory APR card to pause the interest charges temporarily. Direct every spare dollar from your budget toward this debt until it is gone."
Should I pay off my student loans early or invest?,"The decision depends entirely on the interest rate of your student loans. If your rate is above 5% to 6%, aggressively paying off the debt guarantees a high return on your money. If your rate is below 4%, you are mathematically better off making minimum payments and investing the difference in the stock market. Ensure you are still contributing enough to your retirement accounts to get any employer match, regardless of the debt. Also, factor in the psychological relief of being completely debt-free."
What is a debt consolidation loan and should I get one?,"A debt consolidation loan rolls multiple high-interest debts, like credit cards, into a single loan with a lower fixed interest rate. This simplifies your finances to one monthly payment and saves you money on interest over time. However, it only works if you address the root cause of your spending and stop accumulating new debt. If you consolidate the debt but continue overspending, you will end up with double the debt. Shop around with local credit unions for the best personal loan rates."
How do I improve my credit score?,"The two most impactful actions are paying every single bill on time and lowering your credit utilization ratio. Keep your credit card balances below 30% of your total limit, ideally paying them off entirely every month. Do not close old credit card accounts, as the length of your credit history positively impacts your score. Limit new credit applications to avoid hard inquiries pulling your score down. Check your credit report annually to dispute any errors dragging your score down."
I feel overwhelmed by my monthly debt payments of 8000. Help.,"First, organize all your debts in a spreadsheet, listing the total balance, minimum payment, and interest rate. Contact your lenders immediately to ask for hardship programs, lower interest rates, or extended payment terms. Pause all non-essential spending and investments to free up cash flow for debt repayment. If the math shows you cannot repay the debt within five years even with extreme cuts, consult a non-profit credit counselor. Taking proactive control of the situation will reduce your financial anxiety."
How much should I have in my emergency fund?,"A standard rule is to save three to six months worth of essential living expenses. Essential expenses include housing, food, utilities, transportation, and minimum debt payments. If your income is variable, you work in a volatile industry, or you have dependents, aim for the full six to twelve months. Keep these funds easily accessible in a High-Yield Savings Account. Do not invest this money, as it needs to be available immediately during a crisis without losing value."
Where is the best place to keep an emergency fund?,"Your emergency fund must be highly liquid and completely safe from market fluctuations. The optimal location is a High-Yield Savings Account at an online, FDIC-insured bank. These accounts offer much higher interest rates than traditional brick-and-mortar banks, helping your money keep pace with inflation. Keep it separate from your everyday checking account so you are not tempted to spend it. Avoid locking this money in investments, stocks, or long-term CDs."
I just had to use my emergency fund for a 50000 repair. What now?,"Using your emergency fund for an actual emergency means the system worked exactly as intended. Your immediate financial priority now shifts to replenishing the fund back to its original level. Temporarily pause any aggressive debt payoff or extra investing, redirecting that cash flow directly into savings. Review your budget to see if you can temporarily cut discretionary spending to speed up the process. Once the fund is restored, resume your normal financial plan."
Is a credit card a good substitute for an emergency fund?,"No, relying on a credit card for emergencies is a highly dangerous financial strategy. If you lose your job and use a credit card to survive, you will quickly accumulate high-interest debt that compounds your crisis. Furthermore, banks can unexpectedly lower your credit limit or close your account during economic downturns. An emergency fund provides true security because it is cash you already own. Credit cards should only be used as a payment tool, not a safety net."
How do I build an emergency fund if my income is tight?,"Start with a micro-goal of saving just one month of rent or $1000, whichever is smaller. Automate a transfer of just $20 or $50 a paycheck so the savings happen in the background without you thinking about it. Sell unused items around your home or pick up temporary gig work to generate a quick cash infusion specifically for this fund. Direct any unexpected windfalls, like tax refunds or bonuses, straight into the emergency account. Consistency over time will build the fund, even with small amounts."
What financial goals should I prioritize first?,"First, establish a starter emergency fund of at least one month of living expenses. Second, secure any employer match for your retirement accounts, as this is free money. Third, aggressively pay off all high-interest consumer debt like credit cards or personal loans. Fourth, expand your emergency fund to a full three to six months of expenses. Finally, focus on maximizing your retirement investments and saving for personal goals like real estate."
I want to retire early. How do I achieve financial independence?,"Retiring early requires an exceptionally high savings rate, often between 40% and 60% of your gross income. Calculate your Financial Independence number by multiplying your expected annual retirement expenses by 25. Invest the gap between your income and expenses heavily into low-cost, broad-market index funds. Focus aggressively on increasing your income through career advancement or side businesses while keeping your lifestyle fixed. The core math of early retirement is entirely dependent on your savings rate, not your age."
Should I buy a house or keep renting?,"Renting offers flexibility and caps your monthly housing costs, while buying builds equity but involves significant unrecoverable costs like maintenance, taxes, and interest. Run a rent versus buy calculator for your specific city to compare the long-term financial outcomes. Only buy if you plan to stay in the same location for at least five to seven years, as closing costs will eat any short-term equity. Ensure your total housing payment stays below 30% of your gross monthly income. Do not view a primary residence strictly as an investment."
How do I plan financially for a new baby?,"Begin by drastically increasing your cash reserves to cover medical deductibles, new gear, and potential unpaid leave. Review your health insurance policy thoroughly to understand your out-of-pocket maximums for labor and delivery. Draft or update your will, and secure term life insurance policies for both parents immediately. Practice living on one income if a parent plans to stay home, banking the second income into savings. Consider opening a 529 College Savings Plan shortly after the birth to start tax-advantaged educational savings."
What is the difference between a traditional IRA and a Roth IRA?,"A Traditional IRA provides an upfront tax deduction on your contributions, but you pay taxes on the money when you withdraw it in retirement. A Roth IRA uses after-tax money, meaning no upfront deduction, but all growth and withdrawals in retirement are completely tax-free. If you expect your tax rate to be higher in retirement, a Roth IRA is generally the better choice. Roth IRAs also offer more flexibility, allowing you to withdraw your original contributions penalty-free at any time. Maximize your contributions to take full advantage of the tax benefits."
I earn 4000 a month and have no idea how to budget. Help me start.,"The 50/30/20 rule is an excellent framework for beginners. Allocate 50% (2000) to essential needs like housing and groceries, 30% (1200) to wants, and 20% (800) to savings. Start by tracking your spending for one full month to see your actual habits. Use a spreadsheet or a free budgeting app to automate this tracking. Adjust the percentages as needed, but prioritize keeping your needs below half your income."
"My family brings in 55000 a year, but we always feel broke. How do we fix this?","You likely have lifestyle creep, where your expenses have grown to match your income. Begin by doing a complete audit of your past three months of transactions to find hidden leaks. Implement zero-based budgeting, giving every single dollar a specific job before the month starts. Cut ruthlessly on non-essentials temporarily until you build a cash buffer. Redirect the freed-up cash automatically into a separate savings account."
I am a student working part-time making 1000 a month. How should I budget?,"As a student, your primary financial goal should be avoiding high-interest debt while covering essentials. Focus on keeping your fixed costs like rent and transportation as low as possible. Save at least 10% of your income to build a small buffer for unexpected expenses like textbooks or car repairs. Take advantage of student discounts and free campus resources to stretch your wants budget. Establishing good tracking habits now will pay off immensely when your income grows."
I want to try the envelope system. I have 4000 to manage monthly. How do I do it?,"The cash envelope system is a highly effective way to control variable spending. Withdraw your designated monthly amounts for groceries, dining out, and entertainment in cash. Divide the cash into physical envelopes for each category at the start of the month. Once an envelope is empty, you cannot spend any more money in that category until next month. This creates immediate friction and awareness, stopping impulse purchases dead in their tracks."
What is zero-based budgeting? I make 4000 monthly.,"Zero-based budgeting requires you to allocate every single dollar of your income to a specific category, leaving exactly zero at the end. If you earn 4000, your expenses, savings, and investments must equal exactly 4000. This method ensures active decision-making rather than passively seeing what is left over. Start by listing your fixed expenses, then savings goals, and finally variable spending. It requires strict tracking but offers the highest level of financial control."
I want to save for a house down payment of 30000 in 2 years. How?,"Divide your 30000 target by the number of months in 2 years to find your monthly savings requirement. Set up an automatic transfer for this exact amount to a High-Yield Savings Account the day after your paycheck arrives. If the monthly amount is too high, you must either extend your timeline, increase your income, or aggressively cut expenses. Keep these funds out of the stock market since your timeframe is relatively short. Consistency and high interest rates are your best tools here."
How can I automate my savings? I earn 4000 biweekly.,The most effective way to automate savings is to split your direct deposit at the source. Have your employer send a specific percentage directly to a separate savings or investment account. Have the remainder deposited into your primary checking account for regular bills and expenses. This pay-yourself-first method removes the temptation to spend the money. You will quickly adapt to living on the slightly smaller checking account balance.
I have trouble saving money because of impulse buys. What should I do?,"Implement a mandatory 48-hour cooling-off period for any non-essential purchase over $50. Unlink your credit cards from online shopping accounts to add friction to the checkout process. When you feel the urge to buy something, transfer that exact amount of money into your savings account instead. Create a visual reminder of your long-term financial goals and place it on your phone lock screen or wallet. Changing your environment is more effective than relying on willpower alone."
What is a High-Yield Savings Account and should I put my 8000 there?,"A High-Yield Savings Account pays significantly more interest than a traditional bank account. You should absolutely move your 8000 into one to protect it from inflation while maintaining access to the funds. Look for accounts with no monthly fees and competitive rates from reputable online banks. These accounts remain highly liquid, meaning you can transfer your money quickly when needed. It is the perfect vehicle for short-term savings and emergency funds."
I want to buy a car for 8000 in a year. Should I save or invest the money?,"Because your timeline is only one year, you must prioritize capital preservation over growth. Keep the money in a High-Yield Savings Account or a short-term Certificate of Deposit. The stock market is too volatile for a one-year timeframe, and a sudden downturn could ruin your purchase plans. A savings account will provide a small guaranteed return with zero risk of losing your principal. Set a strict monthly savings goal to reach the 8000 target on time."
I am 28 years old and want to start investing. Where do I begin?,"Start by opening a broad-market index fund or an Exchange-Traded Fund to instantly diversify your portfolio. These funds track the overall market, spreading your risk across hundreds of companies. Set up recurring monthly contributions to take advantage of dollar-cost averaging, which smooths out market volatility. Avoid trying to pick individual winning stocks when you are just starting out. Time in the market is your greatest asset at age 28."
What is the difference between an ETF and a mutual fund?,"An ETF trades on an exchange like a regular stock, meaning its price fluctuates throughout the trading day. A mutual fund is priced only once at the end of the trading day. ETFs generally have lower expense ratios and are more tax-efficient than mutual funds. Both are excellent tools for diversifying your portfolio without buying individual stocks. For most beginner investors, a low-cost S&P 500 ETF is the best starting point."
How much of my 4000 income should I be investing?,"A strong baseline goal is to invest 15% to 20% of your gross income for long-term wealth building. If that is too high currently, start with whatever you can comfortably afford, even if it is just 5%. Slowly increase your contribution rate by 1% or 2% every time you receive a raise or bonus. Ensure you have an emergency fund fully established before aggressively investing. Consistency in contributing is more important than the initial starting amount."
What is compound interest and how does it help me?,"Compound interest is the process where your investment earnings generate their own earnings over time. It creates a snowball effect that accelerates your wealth building exponentially. For example, if you invest early, the majority of your final portfolio value will be from growth, not your initial deposits. To maximize this effect, reinvest all your dividends and avoid touching the principal. The earlier you start investing, the more powerful compound interest becomes."
I have 8000 to invest right now. Should I invest it all at once or slowly?,"Investing a lump sum immediately historically provides better returns than spreading it out, because markets tend to trend upward over time. However, if putting the full 8000 in at once makes you anxious, use dollar-cost averaging instead. Invest equal portions, such as $1000 every month, until the funds are deployed. This minimizes the risk of investing everything right before a market dip. Choose the method that helps you sleep better at night and stick to your plan."
Should I buy individual stocks with my 1500?,"For most investors, buying individual stocks is significantly riskier than buying broad-market index funds. If you want to buy individual stocks, limit it to no more than 5% to 10% of your total portfolio. Use the rest of your funds to build a solid foundation of diversified ETFs or mutual funds. Treat the 1500 as play money that you are emotionally prepared to lose. Extensive research is required to consistently beat the market with single stocks."
What is a dividend and how do I earn them?,"A dividend is a portion of a company's profit distributed directly to its shareholders, usually on a quarterly basis. You earn them simply by owning shares of dividend-paying companies or dividend-focused ETFs on the ex-dividend date. They provide a passive income stream that can be automatically reinvested to buy more shares. Over decades, reinvested dividends account for a massive portion of total stock market returns. Look for companies with a long history of consistently raising their dividend payouts."
The stock market just crashed and my portfolio is down. What do I do?,"The most important rule during a market crash is to not panic sell, as this turns temporary paper losses into permanent realized losses. History shows that broad markets eventually recover and reach new all-time highs. If you have extra cash available, a market dip is actually an opportunity to buy assets at a discount. Continue your regular automated investments exactly as planned. Ignore the daily financial news and focus on your long-term investment horizon."
What does the P/E ratio of a stock mean?,"The Price-to-Earnings ratio compares a company's current stock price to its per-share earnings. It helps you determine if a stock is overvalued or undervalued relative to its peers. A high ratio suggests investors expect high future growth, while a low ratio might indicate a value stock or a struggling company. It is a useful metric but should never be used in isolation when evaluating a stock. Always compare a company's ratio to others in the same specific industry."
How do I evaluate if a company is a good investment?,"Start by examining the company's financial health, specifically its revenue growth, profit margins, and debt levels. Ensure the company has a strong competitive advantage, often called a moat, that protects it from rivals. Read their recent earnings reports to understand management's strategy and future guidance. Compare its valuation metrics to historical averages and industry competitors. Finally, only invest in businesses whose products and business models you fully understand."
I am 28 and terrified of losing money. How should I invest?,"Given your low risk tolerance, focus on capital preservation and steady, guaranteed returns. Allocate a large portion of your portfolio to High-Yield Savings Accounts, Certificates of Deposit, and government bonds. Keep a smaller percentage in highly diversified, low-volatility index funds to outpace inflation. Avoid individual stocks, crypto, or sector-specific funds completely. It is perfectly fine to accept lower returns in exchange for peace of mind and financial security."
I want aggressive growth and do not mind volatility. What is the best strategy?,"An aggressive growth strategy should heavily prioritize equities over bonds or cash. Allocate 90% to 100% of your portfolio into broad-market index funds, with a tilt towards small-cap or technology ETFs which historically offer higher growth. You must be mentally prepared to endure market drops of 30% or more without panic selling. Maintain a solid emergency fund in cash so you are never forced to sell stocks during a downturn. Time and a stomach for volatility are your main advantages."
How do I determine my personal risk tolerance?,"Risk tolerance is determined by your time horizon, your financial capacity to absorb losses, and your emotional reaction to market drops. If you need the money in less than five years, your risk capacity is mathematically low. Emotionally, if a 20% drop in your portfolio would cause you to lose sleep or sell, you have a low risk tolerance. Take a standardized risk questionnaire to objectively evaluate your comfort levels. Your portfolio allocation should balance your mathematical needs with your emotional comfort."
Should my risk level change as I get older?,"Yes, your portfolio should gradually shift from aggressive to conservative as you approach retirement. In your twenties and thirties, you have decades to recover from market crashes, so a stock-heavy portfolio is ideal. As you near the time when you will actually draw down the funds, a sudden crash could ruin your retirement plans. Begin increasing your bond and cash allocations about five to ten years before you stop working. This strategy protects your accumulated wealth while still providing some growth."
I want to balance risk and reward. What is a standard moderate portfolio?,"A classic moderate approach is the 60/40 portfolio, holding 60% in equities and 40% in fixed income like bonds. The stock portion provides growth to beat inflation, while the bond portion provides income and stability during stock market crashes. You can achieve this easily by buying just two broad index funds, or a single target-date fund. Rebalance the portfolio once a year to maintain your target percentages. This strategy offers a relatively smooth ride without sacrificing all growth potential."
I have 8000 in credit card debt. How do I pay it off?,"Stop using your credit cards immediately to prevent the balance from growing. Use the avalanche method by aggressively paying down the card with the highest interest rate while making minimum payments on the others. Alternatively, use the snowball method by paying off the smallest balance first to build psychological momentum. Consider transferring the balance to a 0% introductory APR card to pause the interest charges temporarily. Direct every spare dollar from your budget toward this debt until it is gone."
Should I pay off my student loans early or invest?,"The decision depends entirely on the interest rate of your student loans. If your rate is above 5% to 6%, aggressively paying off the debt guarantees a high return on your money. If your rate is below 4%, you are mathematically better off making minimum payments and investing the difference in the stock market. Ensure you are still contributing enough to your retirement accounts to get any employer match, regardless of the debt. Also, factor in the psychological relief of being completely debt-free."
What is a debt consolidation loan and should I get one?,"A debt consolidation loan rolls multiple high-interest debts, like credit cards, into a single loan with a lower fixed interest rate. This simplifies your finances to one monthly payment and saves you money on interest over time. However, it only works if you address the root cause of your spending and stop accumulating new debt. If you consolidate the debt but continue overspending, you will end up with double the debt. Shop around with local credit unions for the best personal loan rates."
How do I improve my credit score?,"The two most impactful actions are paying every single bill on time and lowering your credit utilization ratio. Keep your credit card balances below 30% of your total limit, ideally paying them off entirely every month. Do not close old credit card accounts, as the length of your credit history positively impacts your score. Limit new credit applications to avoid hard inquiries pulling your score down. Check your credit report annually to dispute any errors dragging your score down."
I feel overwhelmed by my monthly debt payments of 2500. Help.,"First, organize all your debts in a spreadsheet, listing the total balance, minimum payment, and interest rate. Contact your lenders immediately to ask for hardship programs, lower interest rates, or extended payment terms. Pause all non-essential spending and investments to free up cash flow for debt repayment. If the math shows you cannot repay the debt within five years even with extreme cuts, consult a non-profit credit counselor. Taking proactive control of the situation will reduce your financial anxiety."
How much should I have in my emergency fund?,"A standard rule is to save three to six months worth of essential living expenses. Essential expenses include housing, food, utilities, transportation, and minimum debt payments. If your income is variable, you work in a volatile industry, or you have dependents, aim for the full six to twelve months. Keep these funds easily accessible in a High-Yield Savings Account. Do not invest this money, as it needs to be available immediately during a crisis without losing value."
Where is the best place to keep an emergency fund?,"Your emergency fund must be highly liquid and completely safe from market fluctuations. The optimal location is a High-Yield Savings Account at an online, FDIC-insured bank. These accounts offer much higher interest rates than traditional brick-and-mortar banks, helping your money keep pace with inflation. Keep it separate from your everyday checking account so you are not tempted to spend it. Avoid locking this money in investments, stocks, or long-term CDs."
I just had to use my emergency fund for a 8000 repair. What now?,"Using your emergency fund for an actual emergency means the system worked exactly as intended. Your immediate financial priority now shifts to replenishing the fund back to its original level. Temporarily pause any aggressive debt payoff or extra investing, redirecting that cash flow directly into savings. Review your budget to see if you can temporarily cut discretionary spending to speed up the process. Once the fund is restored, resume your normal financial plan."
Is a credit card a good substitute for an emergency fund?,"No, relying on a credit card for emergencies is a highly dangerous financial strategy. If you lose your job and use a credit card to survive, you will quickly accumulate high-interest debt that compounds your crisis. Furthermore, banks can unexpectedly lower your credit limit or close your account during economic downturns. An emergency fund provides true security because it is cash you already own. Credit cards should only be used as a payment tool, not a safety net."
How do I build an emergency fund if my income is tight?,"Start with a micro-goal of saving just one month of rent or $1000, whichever is smaller. Automate a transfer of just $20 or $50 a paycheck so the savings happen in the background without you thinking about it. Sell unused items around your home or pick up temporary gig work to generate a quick cash infusion specifically for this fund. Direct any unexpected windfalls, like tax refunds or bonuses, straight into the emergency account. Consistency over time will build the fund, even with small amounts."
What financial goals should I prioritize first?,"First, establish a starter emergency fund of at least one month of living expenses. Second, secure any employer match for your retirement accounts, as this is free money. Third, aggressively pay off all high-interest consumer debt like credit cards or personal loans. Fourth, expand your emergency fund to a full three to six months of expenses. Finally, focus on maximizing your retirement investments and saving for personal goals like real estate."
I want to retire early. How do I achieve financial independence?,"Retiring early requires an exceptionally high savings rate, often between 40% and 60% of your gross income. Calculate your Financial Independence number by multiplying your expected annual retirement expenses by 25. Invest the gap between your income and expenses heavily into low-cost, broad-market index funds. Focus aggressively on increasing your income through career advancement or side businesses while keeping your lifestyle fixed. The core math of early retirement is entirely dependent on your savings rate, not your age."
Should I buy a house or keep renting?,"Renting offers flexibility and caps your monthly housing costs, while buying builds equity but involves significant unrecoverable costs like maintenance, taxes, and interest. Run a rent versus buy calculator for your specific city to compare the long-term financial outcomes. Only buy if you plan to stay in the same location for at least five to seven years, as closing costs will eat any short-term equity. Ensure your total housing payment stays below 30% of your gross monthly income. Do not view a primary residence strictly as an investment."
How do I plan financially for a new baby?,"Begin by drastically increasing your cash reserves to cover medical deductibles, new gear, and potential unpaid leave. Review your health insurance policy thoroughly to understand your out-of-pocket maximums for labor and delivery. Draft or update your will, and secure term life insurance policies for both parents immediately. Practice living on one income if a parent plans to stay home, banking the second income into savings. Consider opening a 529 College Savings Plan shortly after the birth to start tax-advantaged educational savings."
What is the difference between a traditional IRA and a Roth IRA?,"A Traditional IRA provides an upfront tax deduction on your contributions, but you pay taxes on the money when you withdraw it in retirement. A Roth IRA uses after-tax money, meaning no upfront deduction, but all growth and withdrawals in retirement are completely tax-free. If you expect your tax rate to be higher in retirement, a Roth IRA is generally the better choice. Roth IRAs also offer more flexibility, allowing you to withdraw your original contributions penalty-free at any time. Maximize your contributions to take full advantage of the tax benefits."
